{"val-aux/nvidia/Nemotron-Cascade-RL-Math/score/mean@1":0.14642857142857144,"val-aux/nvidia/Nemotron-Cascade-RL-Math/format_correct/mean@1":0.9642857142857143,"_wandb":{"runtime":175},"_runtime":175.870095234,"_timestamp":1.779036206058319e+09,"_step":0,"val-core/nvidia/Nemotron-Cascade-RL-Math/reward/mean@1":0.14642857142857144}