{"val-aux/nvidia/Nemotron-Cascade-RL-Math/score/mean@1":0.18928571428571428,"val-aux/nvidia/Nemotron-Cascade-RL-Math/format_correct/mean@1":0.21071428571428572,"_timestamp":1.7790011348371768e+09,"_wandb":{"runtime":537},"_runtime":537.847683111,"_step":0,"val-core/nvidia/Nemotron-Cascade-RL-Math/reward/mean@1":0.18928571428571428}