{"_timestamp":1.7790369685120814e+09,"_step":0,"val-core/nvidia/Nemotron-Cascade-RL-Math/reward/mean@1":0.14642857142857144,"val-aux/nvidia/Nemotron-Cascade-RL-Math/score/mean@1":0.14642857142857144,"_wandb":{"runtime":2391},"_runtime":2391.946314774,"val-aux/nvidia/Nemotron-Cascade-RL-Math/format_correct/mean@1":0.9642857142857143}