{"_timestamp":1.7790440302145503e+09,"_step":0,"val-core/nvidia/Nemotron-Cascade-RL-Math/reward/mean@1":0.13214285714285715,"_runtime":751.622797276,"_wandb":{"runtime":751},"val-aux/nvidia/Nemotron-Cascade-RL-Math/score/mean@1":0.13214285714285715,"val-aux/nvidia/Nemotron-Cascade-RL-Math/format_correct/mean@1":0.9464285714285714}