{"_timestamp":1.779047088387489e+09,"_step":0,"_wandb":{"runtime":735},"_runtime":735.878861918,"val-core/nvidia/Nemotron-Cascade-RL-Math/reward/mean@1":0.13214285714285715,"val-aux/nvidia/Nemotron-Cascade-RL-Math/score/mean@1":0.13214285714285715,"val-aux/nvidia/Nemotron-Cascade-RL-Math/format_correct/mean@1":0.9464285714285714}