{"_wandb":{"runtime":685},"_runtime":685.566120491,"_timestamp":1.779051848037505e+09,"_step":0,"val-core/nvidia/Nemotron-Cascade-RL-Math/reward/mean@1":0.14285714285714285,"val-aux/nvidia/Nemotron-Cascade-RL-Math/score/mean@1":0.14285714285714285,"val-aux/nvidia/Nemotron-Cascade-RL-Math/format_correct/mean@1":0.9392857142857143}