{
  "mode": "rl",
  "data_source": "Dahoas/full-hh-rlhf",
  "train": {
    "split": "train",
    "raw_rows": 112052,
    "kept_rows": 111605,
    "skipped_empty_prompt": 0,
    "skipped_empty_chosen": 4,
    "skipped_overlong_prompt": 443,
    "chosen_equals_rejected": 697,
    "parse_notes": {
      "parsed": 111978,
      "fallback_last_not_user": 70
    },
    "turn_counts": {
      "5": 27562,
      "3": 31927,
      "7": 13370,
      "1": 35227,
      "11": 801,
      "9": 2330,
      "13": 350,
      "19": 53,
      "15": 173,
      "17": 108,
      "31": 8,
      "27": 16,
      "55": 1,
      "37": 6,
      "23": 20,
      "21": 33,
      "33": 7,
      "29": 8,
      "25": 20,
      "41": 4,
      "35": 6,
      "39": 4,
      "57": 1,
      "59": 1,
      "43": 3,
      "49": 1,
      "47": 2,
      "65": 1,
      "45": 1,
      "53": 1,
      "51": 1,
      "63": 1,
      "61": 1
    },
    "prompt_tokens_all": {
      "min": 11,
      "max": 1909,
      "mean": 166.62856989861487,
      "p50": 125.0,
      "p95": 472.0,
      "p99": 768.5299999999988
    },
    "prompt_tokens_kept": {
      "min": 11,
      "max": 1021,
      "mean": 162.21268760360198,
      "p50": 124.0,
      "p95": 461.0,
      "p99": 694.0
    }
  },
  "test": {
    "split": "test",
    "raw_rows": 12451,
    "kept_rows": 12409,
    "skipped_empty_prompt": 0,
    "skipped_empty_chosen": 1,
    "skipped_overlong_prompt": 41,
    "chosen_equals_rejected": 76,
    "parse_notes": {
      "parsed": 12442,
      "fallback_last_not_user": 8
    },
    "turn_counts": {
      "1": 3942,
      "3": 3519,
      "5": 3086,
      "7": 1466,
      "9": 260,
      "11": 97,
      "13": 42,
      "23": 2,
      "21": 4,
      "29": 3,
      "15": 14,
      "39": 1,
      "17": 7,
      "67": 1,
      "31": 1,
      "19": 5
    },
    "prompt_tokens_all": {
      "min": 13,
      "max": 1732,
      "mean": 166.23614457831326,
      "p50": 125.0,
      "p95": 472.0,
      "p99": 764.0
    },
    "prompt_tokens_kept": {
      "min": 13,
      "max": 1022,
      "mean": 162.6216455798211,
      "p50": 125.0,
      "p95": 462.59999999999854,
      "p99": 684.6800000000003
    }
  }
}