{"val-aux/nvidia/Nemotron-Cascade-RL-Math/score/mean@1":0.09642857142857143,"val-aux/nvidia/Nemotron-Cascade-RL-Math/format_correct/mean@1":0.14285714285714285,"_timestamp":1.7791326889474187e+09,"_step":0,"val-core/nvidia/Nemotron-Cascade-RL-Math/reward/mean@1":0.09642857142857143,"_wandb":{"runtime":276},"_runtime":276.039591894}