{"val-aux/nvidia/Nemotron-Cascade-RL-Math/score/mean@1":0.13214285714285715,"val-aux/nvidia/Nemotron-Cascade-RL-Math/format_correct/mean@1":0.9464285714285714,"_timestamp":1.7790487060046158e+09,"_step":0,"_wandb":{"runtime":789},"_runtime":789.621434715,"val-core/nvidia/Nemotron-Cascade-RL-Math/reward/mean@1":0.13214285714285715}