{"val-aux/nvidia/Nemotron-Cascade-RL-Math/score/mean@1":0.06785714285714285,"val-aux/nvidia/Nemotron-Cascade-RL-Math/format_correct/mean@1":0.06785714285714285,"_wandb":{"runtime":314},"_runtime":314.81942894,"_timestamp":1.7791320207553282e+09,"_step":0,"val-core/nvidia/Nemotron-Cascade-RL-Math/reward/mean@1":0.06785714285714285}