{"timing_s/generation_timing/max":134.22598266601562,"global_seqlen/min":8128857948,"timing_s/start_profile":6.732577458024025e-05,"critic/returns/min":-2.4748666286468506,"timing_s/stop_profile":6.133504211902618e-05,"prompt_length/min":76,"prompt_length/max":369,"critic/advantages/min":-2.4748666286468506,"critic/advantages/mean":-0.04985770955681801,"_wandb":{"runtime":926},"timing_s/gen":138.25591413816437,"critic/rewards/mean":0.1005859375,"val-aux/nvidia/Nemotron-Cascade-RL-Math/format_correct/mean@1":0.14285714285714285,"critic/rewards/min":0,"global_seqlen/balanced_min":10661231599,"timing_per_token_ms/gen":0.10418226945481235,"training/global_step":2,"_timestamp":1.779135297066079e+09,"timing_per_token_ms/adv":4.202385806948041e-05,"critic/returns/mean":-0.04985770955681801,"response_length/min":132,"perf/time_per_step":321.899237559177,"critic/rewards/max":1,"actor/pg_loss":9.389823389938101e-07,"timing_s/generation_timing/topk_ratio":0.25,"response/aborted_ratio":0,"critic/score/min":0,"timing_s/adv":0.06205923669040203,"critic/score/mean":0.1005859375,"val-core/nvidia/Nemotron-Cascade-RL-Math/reward/mean@1":0.09642857142857143,"timing_s/update_actor":86.0398068758659,"perf/mfu/actor":0.1824618243552138,"perf/max_memory_reserved_gb":25.017578125,"actor/pg_clipfrac":0.0009272881903541474,"response_length_non_aborted/mean":1295.955078125,"timing_per_token_ms/ref":0.015957275140382497,"response_length/mean":1295.955078125,"response_length_non_aborted/min":132,"critic/score/max":1,"actor/ppo_kl":-4.7600425758215215e-05,"timing_s/reward":57.626602361910045,"actor/lr":1e-06,"critic/advantages/max":2.4748666286468506,"global_seqlen/balanced_max":10683649569,"actor/grad_norm":0.17835807614028454,"response_length/clip_ratio":0.0751953125,"timing_s/generate_sequences":102.2939224243164,"actor/pg_clipfrac_lower":1.1920928955078125e-07,"timing_s/old_log_prob":15.962241576053202,"timing_s/generation_timing/min":76.60382843017578,"global_seqlen/mean":1.0666843136e+10,"global_seqlen/max":13800628976,"actor/entropy":0.07293660193681717,"perf/max_memory_allocated_gb":22.499022006988525,"_step":2,"perf/throughput":1146.9132477585604,"perf/total_num_tokens":1476762,"response_length_non_aborted/max":8192,"global_seqlen/minmax_diff":5671771028,"_runtime":926.218282144,"training/epoch":0,"prompt_length/clip_ratio":0,"actor/kl_loss":1.0047803915530507e-05,"response_length/max":8192,"response_length_non_aborted/clip_ratio":0.0751953125,"timing_s/ref":23.565097550861537,"val-aux/nvidia/Nemotron-Cascade-RL-Math/score/mean@1":0.09642857142857143,"critic/returns/max":2.4748666286468506,"timing_s/step":321.899237559177,"timing_per_token_ms/update_actor":0.05826247348988253,"actor/kl_coef":0.0010000000000000005,"prompt_length/mean":146.1953125,"perf/cpu_memory_used_gb":77.61977005004883}